departments,sub_category_name_en,category_name_en,sub_sub_sub_category_name_en,sub_sub_sub_sub_category_name_en,category_name_am
Animals and Pet Supplies,Pet Supplies,Pet Grooming Supplies
Apparel and Accessories,Clothing,Activewear
Apparel and Accessories,Clothing,Baby and Toddler Clothing
Apparel and Accessories,Clothing,Dresses
Apparel and Accessories,Handbags, Wallets and Cases
Apparel and Accessories,Jewelry,Anklets
Apparel and Accessories,Shoe Accessories,Boot Liners
Apparel and Accessories,Shoe Accessories,Gaiters
Arts and Entertainment,Hobbies and Creative Arts,Arts and Crafts
Baby and Toddler,Baby Bathing,Baby Bathtubs and Bath Seats
Baby and Toddler,Baby Bathing,Shower Visors
Baby and Toddler,Baby Toys and Activity Equipment,Alphabet Toys
Baby and Toddler,Baby Toys and Activity Equipment,Sorting and Stacking Toys
Baby and Toddler,Baby Transport,Baby and Toddler Car Seats
Baby and Toddler,Baby Transport,Baby Carriers
Baby and Toddler,Baby Transport,Baby Strollers
Baby and Toddler,Baby Transport Accessories,Baby and Toddler Car Seat Accessories
Baby and Toddler,Diapering,Baby Wipe Dispensers and Warmers
Baby and Toddler,Diapering,Diapers
Baby and Toddler,Nursing and Feeding,Baby and Toddler Food
Baby and Toddler,Nursing and Feeding,Sippy Cups
Baby and Toddler,Potty Training,Potty Seats
Baby and Toddler,Potty Training,Potty Training Kits
Baby and Toddler,Swaddling and Receiving Blankets,Receiving Blankets
Business and Industrial,Advertising and Marketing,Brochures
Business and Industrial,Agriculture,Animal Husbandry
Business and Industrial,Automation Control Components,Programmable Logic Controllers
Business and Industrial,Construction,Surveying
Business and Industrial,Construction,Traffic Cones and Barrels
Business and Industrial,Finance and Insurance,Bullion
Business and Industrial,Food Service,Bakery Boxes
Business and Industrial,Hairdressing and Cosmetology,Hairdressing Capes and Neck Covers
Business and Industrial,Heavy Machinery,Chippers
Business and Industrial,Industrial Storage,Industrial Cabinets
Business and Industrial,Industrial Storage,Industrial Shelving
Business and Industrial,Industrial Storage,Shipping Containers
Business and Industrial,Law Enforcement,Cuffs
Business and Industrial,Law Enforcement,Metal Detectors
Business and Industrial,Material Handling,Conveyors
Business and Industrial,Material Handling,Lifts and Hoists
Business and Industrial,Medical,Hospital Curtains
Business and Industrial,Medical,Hospital Gowns
Business and Industrial,Medical,Surgical Gowns
Business and Industrial,Piercing and Tattooing,Piercing Supplies
Business and Industrial,Piercing and Tattooing,Tattooing Supplies
Business and Industrial,Retail,Clothing Display Racks
Business and Industrial,Retail,Retail Display Props and Models
Business and Industrial,Science and Laboratory,Biochemicals
Business and Industrial,Signage,Business Hour Signs
Business and Industrial,Signage,Digital Signs
Business and Industrial,Signage,Sidewalk and Yard Signs
Business and Industrial,Work Safety Protective Gear,Bullet Proof Vests
Cameras and Optics,Camera and Optic Accessories,Camera and Optic Replacement Cables
Cameras and Optics,Cameras,Borescopes
Cameras and Optics,Cameras,Digital Cameras
Cameras and Optics,Cameras,Disposable Cameras
Cameras and Optics,Cameras,Film Cameras
Cameras and Optics,Cameras,Surveillance Cameras
Cameras and Optics,Cameras,Trail Cameras
Cameras and Optics,Cameras,Video Cameras
Cameras and Optics,Cameras,Webcams
Cameras and Optics,Optics,Binoculars
Cameras and Optics,Optics,Monoculars
Cameras and Optics,Optics,Rangefinders
Cameras and Optics,Optics,Scopes
Cameras and Optics,Photography,Darkroom
Cameras and Optics,Photography,Lighting and Studio
Cameras and Optics,Photography,Photo Mounting Supplies
Cameras and Optics,Photography,Photo Negative and Slide Storage
Electronics,Arcade Equipment,Basketball Arcade Games
Electronics,Arcade Equipment,Pinball Machine Accessories
Electronics,Arcade Equipment,Pinball Machines
Electronics,Arcade Equipment,Skee-Ball Machines
Electronics,Arcade Equipment,Video Game Arcade Cabinet Accessories
Electronics,Arcade Equipment,Video Game Arcade Cabinets
Electronics,Audio,Audio Accessories
Electronics,Audio,Audio Components
Electronics,Audio,Bullhorns
Electronics,Audio,DJ and Specialty Audio
Electronics,Audio,Public Address Systems
Electronics,Audio,Stage Equipment
Electronics,Circuit Boards and Components,Circuit Board Accessories
Electronics,Circuit Boards and Components,Circuit Decoders and Encoders
Electronics,Circuit Boards and Components,Circuit Prototyping
Electronics,Circuit Boards and Components,Electronic Filters
Electronics,Circuit Boards and Components,Passive Circuit Components
Electronics,Circuit Boards and Components,Printed Circuit Boards
Electronics,Circuit Boards and Components,Semiconductors
Electronics,Communications,Answering Machines
Electronics,Communications,Caller IDs
Electronics,Communications,Communication Radio Accessories
Electronics,Communications,Communication Radios
Electronics,Communications,Intercom Accessories
Electronics,Communications,Intercoms
Electronics,Communications,Pagers
Electronics,Communications,Telephony
Electronics,Communications,Video Conferencing
Electronics,Components,Accelerometers
Electronics,Components,Converters
Electronics,Components,Electronics Component Connectors
Electronics,Components,Modulators
Electronics,Components,Splitters
Electronics,Computers,Barebone Computers
Electronics,Computers,Computer Servers
Electronics,Computers,Desktop Computers
Electronics,Computers,Handheld Devices
Electronics,Computers,Interactive Kiosks
Electronics,Computers,Laptops
Electronics,Computers,Smart Glasses
Electronics,Computers,Tablet Computers
Electronics,Computers,Thin and Zero Clients
Electronics,Computers,Touch Table Computers
Electronics,Electronics Accessories,Adapters
Electronics,Electronics Accessories,Antenna Accessories
Electronics,Electronics Accessories,Antennas
Electronics,Electronics Accessories,Audio and Video Splitters and Switches
Electronics,Electronics Accessories,Blank Media
Electronics,Electronics Accessories,Cable Management
Electronics,Electronics Accessories,Cables
Electronics,Electronics Accessories,Computer Accessories
Electronics,Electronics Accessories,Computer Components
Electronics,Electronics Accessories,Electronics Cleaners
Electronics,Electronics Accessories,Memory
Electronics,Electronics Accessories,Mobile Phone and Tablet Tripods and Monopods
Electronics,Electronics Accessories,Power
Electronics,Electronics Accessories,Remote Controls
Electronics,Electronics Accessories,Signal Boosters
Electronics,Electronics Accessories,Signal Jammers
Electronics,GPS Accessories,GPS Cases
Electronics,GPS Accessories,GPS Mounts
Electronics,Marine Electronics,Fish Finders
Electronics,Marine Electronics,Marine Audio and Video Receivers
Electronics,Marine Electronics,Marine Chartplotters and GPS
Electronics,Marine Electronics,Marine Radar
Electronics,Marine Electronics,Marine Radios
Electronics,Marine Electronics,Marine Speakers
Electronics,Networking,Bridges and Routers
Electronics,Networking,Concentrators and Multiplexers
Electronics,Networking,Hubs and Switches
Electronics,Networking,Modem Accessories
Electronics,Networking,Modems
Electronics,Networking,Network Cards and Adapters
Electronics,Networking,Network Security and Firewall Devices
Electronics,Networking,Power Over Ethernet Adapters
Electronics,Networking,Print Servers
Electronics,Networking,Repeaters and Transceivers
Electronics,Video,Computer Monitors
Toys and Games,Games,Blackjack and Craps Sets
Toys and Games,Games,Board Games
Toys and Games,Games,Card Game Accessories
Toys and Games,Games,Card Games
Toys and Games,Games,Dexterity Games
Toys and Games,Games,Dice Sets and Games
Toys and Games,Games,Poker Chip Accessories
Toys and Games,Games,Poker Chips and Sets
Toys and Games,Games,Portable Electronic Games
Toys and Games,Games,Roulette Wheels and Sets
Toys and Games,Games,Slot Machines
Toys and Games,Games,Tile Games
Toys and Games,Outdoor Play Equipment,Inflatable Bouncer Accessories
Toys and Games,Puzzles,Jigsaw Puzzle Accessories
Toys and Games,Puzzles,Jigsaw Puzzles
Toys and Games,Puzzles,Mechanical Puzzles
Toys and Games,Puzzles,Wooden and Pegged Puzzles
Toys and Games,Toys,Activity Toys
Vehicles and Parts,Vehicle Parts and Accessories,Aircraft Parts and Accessories
Vehicles and Parts,Vehicles,Aircraft
Vehicles and Parts,Vehicles,Motor Vehicles
Vehicles and Parts,Vehicles,Watercraft